{"0": {"train": {"acc": 32.344, "loss": 0.71310542345047}, "test": {"acc": 30.93, "loss": 0.8245542204380035}}, "1": {"train": {"acc": 43.11, "loss": 0.5979726548194886}, "test": {"acc": 35.81, "loss": 0.7508693945407867}}, "2": {"train": {"acc": 49.944, "loss": 0.5357402629852295}, "test": {"acc": 40.71, "loss": 0.8212748849391938}}, "3": {"train": {"acc": 54.926, "loss": 0.48610262596607207}, "test": {"acc": 47.39, "loss": 0.6712137758731842}}, "4": {"train": {"acc": 59.796, "loss": 0.4400591268539429}, "test": {"acc": 58.81, "loss": 0.4799565148353577}}, "5": {"train": {"acc": 62.98, "loss": 0.4045790750980377}, "test": {"acc": 48.63, "loss": 0.6932217586040497}}, "6": {"train": {"acc": 65.778, "loss": 0.375665757894516}, "test": {"acc": 46.19, "loss": 0.8211394286155701}}, "7": {"train": {"acc": 68.654, "loss": 0.3457444274425507}, "test": {"acc": 52.06, "loss": 0.6762545132637023}}, "8": {"train": {"acc": 70.446, "loss": 0.32708623075485227}, "test": {"acc": 45.74, "loss": 1.2477707839012147}}, "9": {"train": {"acc": 72.626, "loss": 0.30370702636241914}, "test": {"acc": 70.38, "loss": 0.3554046136140823}}, "10": {"train": {"acc": 74.17, "loss": 0.2892517019510269}, "test": {"acc": 61.98, "loss": 0.5251729148626327}}, "11": {"train": {"acc": 75.346, "loss": 0.27449966061115266}, "test": {"acc": 51.25, "loss": 0.7523704314231873}}, "12": {"train": {"acc": 76.454, "loss": 0.26218643963336946}, "test": {"acc": 69.08, "loss": 0.399732209444046}}, "13": {"train": {"acc": 77.656, "loss": 0.24873252272605895}, "test": {"acc": 62.6, "loss": 0.5098560631275177}}, "14": {"train": {"acc": 78.452, "loss": 0.24006429916620253}, "test": {"acc": 74.37, "loss": 0.31322501569986344}}, "15": {"train": {"acc": 79.654, "loss": 0.2303605214357376}, "test": {"acc": 56.34, "loss": 0.7096880352497101}}, "16": {"train": {"acc": 79.968, "loss": 0.2246708664894104}, "test": {"acc": 55.58, "loss": 0.7055239284038544}}, "17": {"train": {"acc": 80.706, "loss": 0.21813864290714263}, "test": {"acc": 65.6, "loss": 0.49657442927360534}}, "18": {"train": {"acc": 81.514, "loss": 0.2092511745095253}, "test": {"acc": 70.03, "loss": 0.40650530278682706}}, "19": {"train": {"acc": 82.008, "loss": 0.20253962433338166}, "test": {"acc": 81.84, "loss": 0.2168025740981102}}, "20": {"train": {"acc": 82.416, "loss": 0.1972429204583168}, "test": {"acc": 61.28, "loss": 0.6659329450130462}}, "21": {"train": {"acc": 82.876, "loss": 0.19160492330789566}, "test": {"acc": 74.08, "loss": 0.3572669357061386}}, "22": {"train": {"acc": 83.486, "loss": 0.18480432629585267}, "test": {"acc": 74.9, "loss": 0.3336512207984924}}, "23": {"train": {"acc": 83.902, "loss": 0.17978895080089569}, "test": {"acc": 65.76, "loss": 0.5701732861995698}}, "24": {"train": {"acc": 84.522, "loss": 0.17469375348091126}, "test": {"acc": 83.33, "loss": 0.1988400074839592}}, "25": {"train": {"acc": 84.672, "loss": 0.17207894176244737}, "test": {"acc": 73.59, "loss": 0.3754307407140732}}, "26": {"train": {"acc": 85.12, "loss": 0.1680600085556507}, "test": {"acc": 69.97, "loss": 0.42642212748527525}}, "27": {"train": {"acc": 85.448, "loss": 0.16325684934854506}, "test": {"acc": 75.5, "loss": 0.3169150692224503}}, "28": {"train": {"acc": 86.082, "loss": 0.15809370797872543}, "test": {"acc": 69.65, "loss": 0.45498857498168943}}, "29": {"train": {"acc": 86.188, "loss": 0.15564112490415574}, "test": {"acc": 83.04, "loss": 0.20914901167154312}}, "30": {"train": {"acc": 86.706, "loss": 0.15053092175722121}, "test": {"acc": 76.86, "loss": 0.32712309062480927}}, "31": {"train": {"acc": 86.958, "loss": 0.14859550714492797}, "test": {"acc": 77.01, "loss": 0.3011212339997292}}, "32": {"train": {"acc": 87.102, "loss": 0.14480286186933516}, "test": {"acc": 70.46, "loss": 0.4934449589252472}}, "33": {"train": {"acc": 87.49, "loss": 0.13999065911769867}, "test": {"acc": 83.33, "loss": 0.20870369851589202}}, "34": {"train": {"acc": 87.67, "loss": 0.14005779486894607}, "test": {"acc": 73.81, "loss": 0.37972040712833405}}, "35": {"train": {"acc": 88.004, "loss": 0.1345842764079571}, "test": {"acc": 70.02, "loss": 0.5211530834436416}}, "36": {"train": {"acc": 88.218, "loss": 0.13136459973454476}, "test": {"acc": 66.84, "loss": 0.5262830054759979}}, "37": {"train": {"acc": 88.608, "loss": 0.12836048102378844}, "test": {"acc": 67.02, "loss": 0.602666677236557}}, "38": {"train": {"acc": 88.734, "loss": 0.1256427466571331}, "test": {"acc": 72.15, "loss": 0.44311606347560883}}, "39": {"train": {"acc": 88.832, "loss": 0.12410259795188903}, "test": {"acc": 80.9, "loss": 0.25537800386548043}}, "40": {"train": {"acc": 89.164, "loss": 0.12169074520468712}, "test": {"acc": 82.58, "loss": 0.24258616030216218}}, "41": {"train": {"acc": 89.426, "loss": 0.11778454560041428}, "test": {"acc": 78.49, "loss": 0.31724309772253034}}, "42": {"train": {"acc": 89.582, "loss": 0.11616540738940238}, "test": {"acc": 77.63, "loss": 0.3052486279606819}}, "43": {"train": {"acc": 89.988, "loss": 0.11180632889270782}, "test": {"acc": 80.5, "loss": 0.2702264800667763}}, "44": {"train": {"acc": 90.248, "loss": 0.10951508894562721}, "test": {"acc": 85.02, "loss": 0.19174355924129485}}, "45": {"train": {"acc": 90.364, "loss": 0.10943412142992019}, "test": {"acc": 80.68, "loss": 0.2727667924761772}}, "46": {"train": {"acc": 90.636, "loss": 0.10584732842445374}, "test": {"acc": 80.65, "loss": 0.28432691901922225}}, "47": {"train": {"acc": 90.792, "loss": 0.10448894149065018}, "test": {"acc": 81.65, "loss": 0.2562886229157448}}, "48": {"train": {"acc": 90.918, "loss": 0.10324582970142364}, "test": {"acc": 69.86, "loss": 0.560141681432724}}, "49": {"train": {"acc": 91.004, "loss": 0.10131501486897468}, "test": {"acc": 88.81, "loss": 0.1446424911916256}}, "50": {"train": {"acc": 91.148, "loss": 0.09866748601198197}, "test": {"acc": 79.11, "loss": 0.3365471386909485}}}