{"0": {"train": {"acc": 37.154, "loss": 1.3302056224346162}, "test": {"acc": 49.79, "loss": 1.099893707036972}}, "1": {"train": {"acc": 54.928, "loss": 0.9796146802902221}, "test": {"acc": 62.3, "loss": 0.8675781404972076}}, "2": {"train": {"acc": 64.244, "loss": 0.7868406834602356}, "test": {"acc": 66.43, "loss": 0.7595204997062683}}, "3": {"train": {"acc": 71.03, "loss": 0.6437937759160995}, "test": {"acc": 71.97, "loss": 0.6589128476381302}}, "4": {"train": {"acc": 75.726, "loss": 0.5422058868408203}, "test": {"acc": 80.13, "loss": 0.46995518505573275}}, "5": {"train": {"acc": 78.644, "loss": 0.4788582260608673}, "test": {"acc": 81.34, "loss": 0.4455920487642288}}, "6": {"train": {"acc": 80.798, "loss": 0.43099916404485705}, "test": {"acc": 82.27, "loss": 0.4127214229106903}}, "7": {"train": {"acc": 82.84, "loss": 0.3865906998515129}, "test": {"acc": 82.19, "loss": 0.4391066324710846}}, "8": {"train": {"acc": 83.956, "loss": 0.3630606663227081}, "test": {"acc": 79.67, "loss": 0.486894071996212}}, "9": {"train": {"acc": 85.048, "loss": 0.3332400727570057}, "test": {"acc": 85.25, "loss": 0.3437205068767071}}, "10": {"train": {"acc": 86.144, "loss": 0.3087248877286911}, "test": {"acc": 86.31, "loss": 0.33308944225311277}}, "11": {"train": {"acc": 87.204, "loss": 0.2905435728430748}, "test": {"acc": 86.63, "loss": 0.3205875201523304}}, "12": {"train": {"acc": 87.97, "loss": 0.27000092977285384}, "test": {"acc": 85.9, "loss": 0.34746152922511103}}, "13": {"train": {"acc": 88.394, "loss": 0.2580252346396446}, "test": {"acc": 85.18, "loss": 0.38104516118764875}}, "14": {"train": {"acc": 89.274, "loss": 0.2423832262456417}, "test": {"acc": 87.29, "loss": 0.31264300778508186}}, "15": {"train": {"acc": 89.788, "loss": 0.2291709983050823}, "test": {"acc": 86.96, "loss": 0.3248591361939907}}, "16": {"train": {"acc": 90.138, "loss": 0.21864116057753563}, "test": {"acc": 87.47, "loss": 0.3243608021736145}}, "17": {"train": {"acc": 90.752, "loss": 0.20435376192629337}, "test": {"acc": 87.8, "loss": 0.30961282044649124}}, "18": {"train": {"acc": 91.116, "loss": 0.1963806492090225}, "test": {"acc": 86.87, "loss": 0.3372516606748104}}, "19": {"train": {"acc": 91.698, "loss": 0.1860473227351904}, "test": {"acc": 89.32, "loss": 0.27413620889186857}}, "20": {"train": {"acc": 92.076, "loss": 0.175014972448349}, "test": {"acc": 88.49, "loss": 0.29988493263721466}}, "21": {"train": {"acc": 92.474, "loss": 0.168604424610734}, "test": {"acc": 89.55, "loss": 0.28555035308003424}}, "22": {"train": {"acc": 92.838, "loss": 0.15951037660241127}, "test": {"acc": 87.21, "loss": 0.35955750972032546}}, "23": {"train": {"acc": 93.072, "loss": 0.1532182244732976}, "test": {"acc": 88.38, "loss": 0.34622738748788834}}, "24": {"train": {"acc": 93.51, "loss": 0.14642404758930205}, "test": {"acc": 89.67, "loss": 0.28591474518179893}}, "25": {"train": {"acc": 93.7, "loss": 0.1368115181028843}, "test": {"acc": 89.6, "loss": 0.2972082814574242}}, "26": {"train": {"acc": 93.848, "loss": 0.13525677755475043}, "test": {"acc": 89.0, "loss": 0.3161522701382637}}, "27": {"train": {"acc": 94.344, "loss": 0.12753488627076148}, "test": {"acc": 88.67, "loss": 0.33133539006114004}}, "28": {"train": {"acc": 94.246, "loss": 0.12720823879539966}, "test": {"acc": 89.23, "loss": 0.3168225945532322}}, "29": {"train": {"acc": 94.616, "loss": 0.11900098863244056}, "test": {"acc": 89.51, "loss": 0.29869736179709433}}, "30": {"train": {"acc": 95.028, "loss": 0.11184688634425402}, "test": {"acc": 89.75, "loss": 0.29394025176763533}}, "31": {"train": {"acc": 94.842, "loss": 0.11323195875436068}, "test": {"acc": 89.26, "loss": 0.3372679962217808}}, "32": {"train": {"acc": 95.062, "loss": 0.10918180303275585}, "test": {"acc": 89.22, "loss": 0.32961045488715174}}, "33": {"train": {"acc": 95.238, "loss": 0.10414301329106092}, "test": {"acc": 88.75, "loss": 0.33673740753903986}}, "34": {"train": {"acc": 95.452, "loss": 0.09907933776080609}, "test": {"acc": 89.79, "loss": 0.30790538772940634}}, "35": {"train": {"acc": 95.828, "loss": 0.09221049791947007}, "test": {"acc": 90.03, "loss": 0.3214335937798023}}, "36": {"train": {"acc": 95.836, "loss": 0.09369810249656439}, "test": {"acc": 90.33, "loss": 0.31364646486937997}}, "37": {"train": {"acc": 96.0, "loss": 0.09001163950562477}, "test": {"acc": 89.66, "loss": 0.32913490176200866}}, "38": {"train": {"acc": 96.18, "loss": 0.08495669210329652}, "test": {"acc": 89.85, "loss": 0.33378451481461524}}, "39": {"train": {"acc": 96.234, "loss": 0.08434902172163129}, "test": {"acc": 90.47, "loss": 0.3118758552521467}}, "40": {"train": {"acc": 96.404, "loss": 0.0807114744707942}, "test": {"acc": 90.26, "loss": 0.3144972638785839}}, "41": {"train": {"acc": 96.414, "loss": 0.07831607286632061}, "test": {"acc": 90.04, "loss": 0.34847156509757043}}, "42": {"train": {"acc": 96.45, "loss": 0.07886336299404502}, "test": {"acc": 90.05, "loss": 0.3452151295542717}}, "43": {"train": {"acc": 96.526, "loss": 0.07778515789285302}, "test": {"acc": 89.89, "loss": 0.36823118522763254}}, "44": {"train": {"acc": 96.694, "loss": 0.07308425244316459}, "test": {"acc": 90.28, "loss": 0.32803625643253326}}, "45": {"train": {"acc": 96.722, "loss": 0.07397858649119735}, "test": {"acc": 90.31, "loss": 0.32449166893959047}}, "46": {"train": {"acc": 96.714, "loss": 0.07220715969055891}, "test": {"acc": 89.44, "loss": 0.35499430224299433}}, "47": {"train": {"acc": 97.026, "loss": 0.0663864226564765}, "test": {"acc": 90.51, "loss": 0.3338603164255619}}, "48": {"train": {"acc": 96.996, "loss": 0.06719674598425626}, "test": {"acc": 90.06, "loss": 0.35307257756590843}}, "49": {"train": {"acc": 97.034, "loss": 0.06543726406991482}, "test": {"acc": 90.53, "loss": 0.3377080792188644}}, "50": {"train": {"acc": 97.136, "loss": 0.06272507208958268}, "test": {"acc": 91.11, "loss": 0.3242406062781811}}}