{"0": {"train": {"acc": 42.178, "loss": 0.6166047267913818}, "test": {"acc": 51.76, "loss": 0.5269706356525421}}, "1": {"train": {"acc": 58.624, "loss": 0.45157910442352295}, "test": {"acc": 55.59, "loss": 0.5641734004020691}}, "2": {"train": {"acc": 66.136, "loss": 0.3714305418729782}, "test": {"acc": 57.09, "loss": 0.5921568560600281}}, "3": {"train": {"acc": 71.428, "loss": 0.31889752435684204}, "test": {"acc": 65.3, "loss": 0.4348386037349701}}, "4": {"train": {"acc": 74.566, "loss": 0.283634046792984}, "test": {"acc": 78.26, "loss": 0.2551334500312805}}, "5": {"train": {"acc": 77.28, "loss": 0.25563382750749586}, "test": {"acc": 75.72, "loss": 0.28974179565906527}}, "6": {"train": {"acc": 79.228, "loss": 0.2347540271282196}, "test": {"acc": 77.32, "loss": 0.28210562348365786}}, "7": {"train": {"acc": 80.38, "loss": 0.21974168115854265}, "test": {"acc": 74.68, "loss": 0.3134576624631882}}, "8": {"train": {"acc": 81.854, "loss": 0.2035062938928604}, "test": {"acc": 79.3, "loss": 0.2558861666917801}}, "9": {"train": {"acc": 82.996, "loss": 0.19136478245258332}, "test": {"acc": 83.31, "loss": 0.19937528908252716}}, "10": {"train": {"acc": 83.994, "loss": 0.18123345738649368}, "test": {"acc": 83.94, "loss": 0.1993125718832016}}, "11": {"train": {"acc": 84.838, "loss": 0.17161998093128206}, "test": {"acc": 82.58, "loss": 0.21300493121147157}}, "12": {"train": {"acc": 85.592, "loss": 0.16332983714342117}, "test": {"acc": 78.51, "loss": 0.2941850233078003}}, "13": {"train": {"acc": 86.112, "loss": 0.15640425020456314}, "test": {"acc": 81.88, "loss": 0.22821836471557616}}, "14": {"train": {"acc": 86.91, "loss": 0.1470494061410427}, "test": {"acc": 86.82, "loss": 0.16320736646652223}}, "15": {"train": {"acc": 87.384, "loss": 0.14139213174581527}, "test": {"acc": 86.71, "loss": 0.1601982420682907}}, "16": {"train": {"acc": 87.988, "loss": 0.13467420372366906}, "test": {"acc": 85.09, "loss": 0.18788877099752427}}, "17": {"train": {"acc": 88.454, "loss": 0.12907288309931755}, "test": {"acc": 83.09, "loss": 0.2064761519432068}}, "18": {"train": {"acc": 88.834, "loss": 0.1259777910411358}, "test": {"acc": 83.88, "loss": 0.21335943430662155}}, "19": {"train": {"acc": 89.196, "loss": 0.12039025899767876}, "test": {"acc": 88.04, "loss": 0.14867603421211242}}, "20": {"train": {"acc": 89.664, "loss": 0.11592605084180832}, "test": {"acc": 85.21, "loss": 0.1905720354616642}}, "21": {"train": {"acc": 90.162, "loss": 0.10957428026199341}, "test": {"acc": 86.94, "loss": 0.1682538652420044}}, "22": {"train": {"acc": 90.654, "loss": 0.10484461957216262}, "test": {"acc": 86.57, "loss": 0.17516945272684098}}, "23": {"train": {"acc": 90.952, "loss": 0.10130389827489852}, "test": {"acc": 86.29, "loss": 0.1810346820950508}}, "24": {"train": {"acc": 91.138, "loss": 0.0983803896009922}, "test": {"acc": 89.25, "loss": 0.13338475480675696}}, "25": {"train": {"acc": 91.592, "loss": 0.09511269283294678}, "test": {"acc": 88.95, "loss": 0.13961270362138747}}, "26": {"train": {"acc": 91.796, "loss": 0.09186444887518883}, "test": {"acc": 88.76, "loss": 0.1389502215385437}}, "27": {"train": {"acc": 92.078, "loss": 0.08880666682124137}, "test": {"acc": 86.34, "loss": 0.175955378562212}}, "28": {"train": {"acc": 92.408, "loss": 0.08407024498283863}, "test": {"acc": 83.85, "loss": 0.24653735518455505}}, "29": {"train": {"acc": 92.78, "loss": 0.08039816264808178}, "test": {"acc": 89.12, "loss": 0.14532236471772195}}, "30": {"train": {"acc": 92.918, "loss": 0.0781897113919258}, "test": {"acc": 88.99, "loss": 0.14795361950993538}}, "31": {"train": {"acc": 93.166, "loss": 0.07638319513201713}, "test": {"acc": 88.6, "loss": 0.1561167846620083}}, "32": {"train": {"acc": 93.482, "loss": 0.07304074560105801}, "test": {"acc": 87.16, "loss": 0.1845192864537239}}, "33": {"train": {"acc": 93.642, "loss": 0.0714474189132452}, "test": {"acc": 86.91, "loss": 0.1899784530699253}}, "34": {"train": {"acc": 93.784, "loss": 0.06917425547540187}, "test": {"acc": 89.64, "loss": 0.1392802895605564}}, "35": {"train": {"acc": 94.01, "loss": 0.06648668132722378}, "test": {"acc": 90.08, "loss": 0.13584974080324172}}, "36": {"train": {"acc": 94.182, "loss": 0.06424588203430176}, "test": {"acc": 88.89, "loss": 0.14981217041611672}}, "37": {"train": {"acc": 94.324, "loss": 0.06275860880315304}, "test": {"acc": 89.48, "loss": 0.15182641610503197}}, "38": {"train": {"acc": 94.614, "loss": 0.05948570242524147}, "test": {"acc": 87.35, "loss": 0.1873022997379303}}, "39": {"train": {"acc": 94.802, "loss": 0.058613900616765024}, "test": {"acc": 90.62, "loss": 0.13403493136167527}}, "40": {"train": {"acc": 94.986, "loss": 0.05637826640158892}, "test": {"acc": 90.95, "loss": 0.12939105018973351}}, "41": {"train": {"acc": 94.944, "loss": 0.05525971145927906}, "test": {"acc": 89.24, "loss": 0.15994269892573357}}, "42": {"train": {"acc": 95.264, "loss": 0.05377412274479866}, "test": {"acc": 88.43, "loss": 0.17057988807559013}}, "43": {"train": {"acc": 95.362, "loss": 0.051043309882283214}, "test": {"acc": 87.89, "loss": 0.18174047231674195}}, "44": {"train": {"acc": 95.512, "loss": 0.05066940075159073}, "test": {"acc": 90.86, "loss": 0.13093777373433113}}, "45": {"train": {"acc": 95.706, "loss": 0.04798051876574755}, "test": {"acc": 90.55, "loss": 0.1372237665951252}}, "46": {"train": {"acc": 95.874, "loss": 0.045695234782993796}, "test": {"acc": 90.28, "loss": 0.14357179760932923}}, "47": {"train": {"acc": 95.868, "loss": 0.04496157061308623}, "test": {"acc": 89.32, "loss": 0.15830623239278793}}, "48": {"train": {"acc": 96.198, "loss": 0.04223190201818943}, "test": {"acc": 89.72, "loss": 0.15095927745103835}}, "49": {"train": {"acc": 96.458, "loss": 0.040451318770647046}, "test": {"acc": 90.66, "loss": 0.14156014248728752}}, "50": {"train": {"acc": 96.116, "loss": 0.0429032906293869}, "test": {"acc": 90.64, "loss": 0.14923216119408608}}}