{"0": {"train": {"acc": 23.33, "loss": 0.8991381740570068}, "test": {"acc": 35.75, "loss": 0.7095729827880859}}, "1": {"train": {"acc": 37.632, "loss": 0.6626385324001313}, "test": {"acc": 43.09, "loss": 0.6289442050457}}, "2": {"train": {"acc": 47.52, "loss": 0.5614809234142304}, "test": {"acc": 45.25, "loss": 0.6414014744758606}}, "3": {"train": {"acc": 56.294, "loss": 0.4782457301616669}, "test": {"acc": 51.85, "loss": 0.6616347324848175}}, "4": {"train": {"acc": 62.67, "loss": 0.4091018605232239}, "test": {"acc": 67.33, "loss": 0.3806201559305191}}, "5": {"train": {"acc": 68.008, "loss": 0.35289000153541566}, "test": {"acc": 69.12, "loss": 0.35380765438079836}}, "6": {"train": {"acc": 72.284, "loss": 0.3097221462726593}, "test": {"acc": 69.97, "loss": 0.369672931432724}}, "7": {"train": {"acc": 75.02, "loss": 0.2819148845672607}, "test": {"acc": 63.96, "loss": 0.5232265782356262}}, "8": {"train": {"acc": 77.472, "loss": 0.25343671226501463}, "test": {"acc": 75.54, "loss": 0.31353161454200745}}, "9": {"train": {"acc": 78.92, "loss": 0.23773416596651079}, "test": {"acc": 80.3, "loss": 0.23533973097801208}}, "10": {"train": {"acc": 80.144, "loss": 0.2250138509273529}, "test": {"acc": 80.18, "loss": 0.2427539274096489}}, "11": {"train": {"acc": 81.298, "loss": 0.2118837947845459}, "test": {"acc": 78.11, "loss": 0.26689641416072846}}, "12": {"train": {"acc": 82.324, "loss": 0.20071209192276002}, "test": {"acc": 77.93, "loss": 0.2864061802625656}}, "13": {"train": {"acc": 83.402, "loss": 0.19165041929483415}, "test": {"acc": 78.9, "loss": 0.2675144201517105}}, "14": {"train": {"acc": 83.858, "loss": 0.18429821121692658}, "test": {"acc": 85.01, "loss": 0.18879862934350966}}, "15": {"train": {"acc": 84.528, "loss": 0.17629275143146514}, "test": {"acc": 83.27, "loss": 0.21497118681669236}}, "16": {"train": {"acc": 85.218, "loss": 0.1679959301352501}, "test": {"acc": 83.56, "loss": 0.20480767428874969}}, "17": {"train": {"acc": 85.482, "loss": 0.16260869866609573}, "test": {"acc": 80.85, "loss": 0.2517289811372757}}, "18": {"train": {"acc": 86.254, "loss": 0.1563801525235176}, "test": {"acc": 81.46, "loss": 0.24446139991283417}}, "19": {"train": {"acc": 86.616, "loss": 0.15038874259591103}, "test": {"acc": 86.62, "loss": 0.16457776948809624}}, "20": {"train": {"acc": 87.234, "loss": 0.1441865982413292}, "test": {"acc": 84.43, "loss": 0.19802766263484956}}, "21": {"train": {"acc": 87.708, "loss": 0.13894569158554076}, "test": {"acc": 85.17, "loss": 0.18951796412467956}}, "22": {"train": {"acc": 87.722, "loss": 0.13784309947490692}, "test": {"acc": 82.16, "loss": 0.22545749098062515}}, "23": {"train": {"acc": 88.39, "loss": 0.1315071005821228}, "test": {"acc": 82.9, "loss": 0.22672054797410965}}, "24": {"train": {"acc": 88.83, "loss": 0.12701570278406143}, "test": {"acc": 88.05, "loss": 0.1561750653386116}}, "25": {"train": {"acc": 88.954, "loss": 0.12491970697045326}, "test": {"acc": 86.91, "loss": 0.1706127667427063}}, "26": {"train": {"acc": 89.53, "loss": 0.11868644386529922}, "test": {"acc": 85.42, "loss": 0.19673168957233428}}, "27": {"train": {"acc": 89.78, "loss": 0.11681326940655708}, "test": {"acc": 86.52, "loss": 0.18252018988132476}}, "28": {"train": {"acc": 90.178, "loss": 0.11134838080406188}, "test": {"acc": 84.69, "loss": 0.21088850140571594}}, "29": {"train": {"acc": 90.13, "loss": 0.11176151949167251}, "test": {"acc": 88.57, "loss": 0.14806774631142616}}, "30": {"train": {"acc": 90.672, "loss": 0.1061911888718605}, "test": {"acc": 87.54, "loss": 0.16805479824543}}, "31": {"train": {"acc": 90.766, "loss": 0.10417656284570694}, "test": {"acc": 86.69, "loss": 0.18389108210802077}}, "32": {"train": {"acc": 90.99, "loss": 0.1015267251431942}, "test": {"acc": 86.28, "loss": 0.18429533541202545}}, "33": {"train": {"acc": 91.19, "loss": 0.0987624651491642}, "test": {"acc": 83.42, "loss": 0.25813762843608856}}, "34": {"train": {"acc": 91.482, "loss": 0.09680776304006576}, "test": {"acc": 88.27, "loss": 0.15262467168271543}}, "35": {"train": {"acc": 91.46, "loss": 0.09508648836612701}, "test": {"acc": 89.16, "loss": 0.14780126884579659}}, "36": {"train": {"acc": 91.912, "loss": 0.0920373494029045}, "test": {"acc": 88.23, "loss": 0.17064703792333602}}, "37": {"train": {"acc": 92.24, "loss": 0.08805522792041302}, "test": {"acc": 87.65, "loss": 0.17818956106901168}}, "38": {"train": {"acc": 92.44, "loss": 0.0864827556014061}, "test": {"acc": 85.89, "loss": 0.21505637168884278}}, "39": {"train": {"acc": 92.428, "loss": 0.08464330494403839}, "test": {"acc": 88.93, "loss": 0.15806535732001067}}, "40": {"train": {"acc": 92.752, "loss": 0.08224526257812977}, "test": {"acc": 88.9, "loss": 0.15158943206071854}}, "41": {"train": {"acc": 92.89, "loss": 0.07872672499716282}, "test": {"acc": 87.55, "loss": 0.1784605135768652}}, "42": {"train": {"acc": 92.902, "loss": 0.08027808471024037}, "test": {"acc": 88.54, "loss": 0.16736073195934295}}, "43": {"train": {"acc": 93.018, "loss": 0.07796243958175182}, "test": {"acc": 87.41, "loss": 0.1875394716858864}}, "44": {"train": {"acc": 93.446, "loss": 0.07448345658183098}, "test": {"acc": 89.63, "loss": 0.1448354411125183}}, "45": {"train": {"acc": 93.434, "loss": 0.0741387430280447}, "test": {"acc": 89.4, "loss": 0.1491855626553297}}, "46": {"train": {"acc": 93.578, "loss": 0.0723171304911375}, "test": {"acc": 87.79, "loss": 0.19657968014478683}}, "47": {"train": {"acc": 93.872, "loss": 0.0685945146381855}, "test": {"acc": 88.45, "loss": 0.17885545841418207}}, "48": {"train": {"acc": 94.05, "loss": 0.06726616686582565}, "test": {"acc": 88.22, "loss": 0.1860035203769803}}, "49": {"train": {"acc": 94.204, "loss": 0.06455461184680462}, "test": {"acc": 89.59, "loss": 0.15273411929607392}}, "50": {"train": {"acc": 93.962, "loss": 0.06667001752555371}, "test": {"acc": 89.9, "loss": 0.14911677941679954}}}