{"0": {"train": {"acc": 52.552, "loss": 0.51348355448246}, "test": {"acc": 56.39, "loss": 0.5184214389324189}}, "1": {"train": {"acc": 64.486, "loss": 0.3891290895938873}, "test": {"acc": 68.01, "loss": 0.3884296160936356}}, "2": {"train": {"acc": 71.432, "loss": 0.3179050318002701}, "test": {"acc": 72.87, "loss": 0.3232519528269768}}, "3": {"train": {"acc": 76.01, "loss": 0.2700403369665146}, "test": {"acc": 77.84, "loss": 0.27040592283010484}}, "4": {"train": {"acc": 78.858, "loss": 0.2379567756652832}, "test": {"acc": 74.64, "loss": 0.3095125210285187}}, "5": {"train": {"acc": 80.798, "loss": 0.21477155107259752}, "test": {"acc": 81.96, "loss": 0.22402505785226823}}, "6": {"train": {"acc": 82.648, "loss": 0.19719473814964295}, "test": {"acc": 82.77, "loss": 0.20679321020841598}}, "7": {"train": {"acc": 83.924, "loss": 0.181280199944973}, "test": {"acc": 83.23, "loss": 0.2065335366129875}}, "8": {"train": {"acc": 85.306, "loss": 0.1666719162464142}, "test": {"acc": 84.46, "loss": 0.18860711723566057}}, "9": {"train": {"acc": 86.1, "loss": 0.15590489387512207}, "test": {"acc": 83.38, "loss": 0.21889159291982652}}, "10": {"train": {"acc": 87.054, "loss": 0.14584839534759522}, "test": {"acc": 85.83, "loss": 0.17232954800128936}}, "11": {"train": {"acc": 88.162, "loss": 0.1346110018193722}, "test": {"acc": 86.56, "loss": 0.16684203028678893}}, "12": {"train": {"acc": 88.776, "loss": 0.1274309351146221}, "test": {"acc": 86.59, "loss": 0.17478928089141846}}, "13": {"train": {"acc": 89.332, "loss": 0.1203388620018959}, "test": {"acc": 86.61, "loss": 0.16904259085655213}}, "14": {"train": {"acc": 89.892, "loss": 0.11368933001160622}, "test": {"acc": 84.6, "loss": 0.20668608635663988}}, "15": {"train": {"acc": 90.272, "loss": 0.10943640261888504}, "test": {"acc": 88.59, "loss": 0.14662103712558747}}, "16": {"train": {"acc": 90.946, "loss": 0.10202665469050408}, "test": {"acc": 86.6, "loss": 0.18168422885239124}}, "17": {"train": {"acc": 91.064, "loss": 0.0985604484975338}, "test": {"acc": 87.96, "loss": 0.16600617200136183}}, "18": {"train": {"acc": 91.728, "loss": 0.09248745647072792}, "test": {"acc": 88.08, "loss": 0.1576916629076004}}, "19": {"train": {"acc": 92.206, "loss": 0.08811979550123215}, "test": {"acc": 89.04, "loss": 0.1548475468158722}}, "20": {"train": {"acc": 92.32, "loss": 0.08523969802260399}, "test": {"acc": 87.49, "loss": 0.17149082750082015}}, "21": {"train": {"acc": 92.834, "loss": 0.07994909492135048}, "test": {"acc": 86.36, "loss": 0.19385381132364274}}, "22": {"train": {"acc": 92.86, "loss": 0.07930671142041683}, "test": {"acc": 88.46, "loss": 0.16076254472136497}}, "23": {"train": {"acc": 93.288, "loss": 0.07565059185028077}, "test": {"acc": 89.03, "loss": 0.1526695927977562}}, "24": {"train": {"acc": 93.832, "loss": 0.06857049997150898}, "test": {"acc": 88.82, "loss": 0.1591772386431694}}, "25": {"train": {"acc": 93.94, "loss": 0.06757912027835845}, "test": {"acc": 88.47, "loss": 0.18396095231175422}}, "26": {"train": {"acc": 94.4, "loss": 0.06269466616213322}, "test": {"acc": 89.01, "loss": 0.15750671407207847}}, "27": {"train": {"acc": 94.406, "loss": 0.06179062363505364}, "test": {"acc": 89.21, "loss": 0.1622911024093628}}, "28": {"train": {"acc": 94.762, "loss": 0.05946525663137436}, "test": {"acc": 89.31, "loss": 0.16193727232515812}}, "29": {"train": {"acc": 94.97, "loss": 0.05667373684048653}, "test": {"acc": 90.12, "loss": 0.1464665400236845}}, "30": {"train": {"acc": 95.186, "loss": 0.05411484406888485}, "test": {"acc": 89.76, "loss": 0.15053339451551437}}, "31": {"train": {"acc": 95.258, "loss": 0.05227783264219761}, "test": {"acc": 89.54, "loss": 0.15894447796046735}}, "32": {"train": {"acc": 95.314, "loss": 0.05178770902007818}, "test": {"acc": 88.29, "loss": 0.18543337889015674}}, "33": {"train": {"acc": 95.698, "loss": 0.04826504580676556}, "test": {"acc": 89.6, "loss": 0.16216071784496308}}, "34": {"train": {"acc": 95.742, "loss": 0.04716065128147602}, "test": {"acc": 89.73, "loss": 0.16739908069372178}}, "35": {"train": {"acc": 95.824, "loss": 0.046695490665733815}, "test": {"acc": 89.43, "loss": 0.16410146325826644}}, "36": {"train": {"acc": 95.822, "loss": 0.04599730772525072}, "test": {"acc": 89.53, "loss": 0.16468050628900527}}, "37": {"train": {"acc": 96.208, "loss": 0.04197615774720907}, "test": {"acc": 88.9, "loss": 0.1924104005098343}}, "38": {"train": {"acc": 96.364, "loss": 0.040573780998587605}, "test": {"acc": 88.98, "loss": 0.18237638354301453}}, "39": {"train": {"acc": 96.42, "loss": 0.040705688573420044}, "test": {"acc": 89.79, "loss": 0.1755232173204422}}, "40": {"train": {"acc": 96.568, "loss": 0.03865827309340238}, "test": {"acc": 89.83, "loss": 0.1699907061457634}}, "41": {"train": {"acc": 96.584, "loss": 0.038797771193087104}, "test": {"acc": 89.46, "loss": 0.17894454702734947}}, "42": {"train": {"acc": 96.802, "loss": 0.03623739576339722}, "test": {"acc": 89.7, "loss": 0.18511952430009843}}, "43": {"train": {"acc": 96.936, "loss": 0.03449076870456338}, "test": {"acc": 90.72, "loss": 0.17272336065769195}}, "44": {"train": {"acc": 96.986, "loss": 0.03383081228286028}, "test": {"acc": 90.0, "loss": 0.17958345502614975}}, "45": {"train": {"acc": 96.944, "loss": 0.03519748944044113}, "test": {"acc": 89.1, "loss": 0.20260340690612794}}, "46": {"train": {"acc": 97.084, "loss": 0.0324415980130434}, "test": {"acc": 90.14, "loss": 0.18571861416101457}}, "47": {"train": {"acc": 97.06, "loss": 0.03304642669856548}, "test": {"acc": 90.61, "loss": 0.17343224272131919}}, "48": {"train": {"acc": 97.286, "loss": 0.03012824646383524}, "test": {"acc": 89.86, "loss": 0.19332396388053893}}, "49": {"train": {"acc": 97.204, "loss": 0.03159746584296227}, "test": {"acc": 90.58, "loss": 0.1718379819393158}}, "50": {"train": {"acc": 97.496, "loss": 0.028634148955345155}, "test": {"acc": 90.49, "loss": 0.18163848131895066}}}