{"0": {"train": {"acc": 35.964, "loss": 1.3570657856464385}, "test": {"acc": 48.63, "loss": 1.1355309617519378}}, "1": {"train": {"acc": 55.568, "loss": 0.962780702829361}, "test": {"acc": 62.84, "loss": 0.8351585155725479}}, "2": {"train": {"acc": 65.906, "loss": 0.7537564550638198}, "test": {"acc": 65.5, "loss": 0.8285035860538482}}, "3": {"train": {"acc": 72.206, "loss": 0.6158907502889633}, "test": {"acc": 74.85, "loss": 0.5818748223781586}}, "4": {"train": {"acc": 76.158, "loss": 0.5297658512592316}, "test": {"acc": 79.77, "loss": 0.46950853317976}}, "5": {"train": {"acc": 79.112, "loss": 0.4681017925143242}, "test": {"acc": 80.97, "loss": 0.44956805139780043}}, "6": {"train": {"acc": 81.36, "loss": 0.42272610300779345}, "test": {"acc": 82.15, "loss": 0.4299380174279213}}, "7": {"train": {"acc": 82.944, "loss": 0.3847143252491951}, "test": {"acc": 82.83, "loss": 0.4066655920445919}}, "8": {"train": {"acc": 84.536, "loss": 0.3517733676433563}, "test": {"acc": 82.39, "loss": 0.43891951486468317}}, "9": {"train": {"acc": 85.476, "loss": 0.32599133309721945}, "test": {"acc": 85.99, "loss": 0.3452038796246052}}, "10": {"train": {"acc": 86.322, "loss": 0.306353413939476}, "test": {"acc": 86.42, "loss": 0.3337493935227394}}, "11": {"train": {"acc": 87.28, "loss": 0.28445386910438536}, "test": {"acc": 85.49, "loss": 0.35323248147964476}}, "12": {"train": {"acc": 88.106, "loss": 0.26460570412874224}, "test": {"acc": 85.16, "loss": 0.3823907518386841}}, "13": {"train": {"acc": 88.828, "loss": 0.25181791704893114}, "test": {"acc": 86.83, "loss": 0.32734145313501356}}, "14": {"train": {"acc": 89.338, "loss": 0.23958014684915543}, "test": {"acc": 87.6, "loss": 0.2988861019909382}}, "15": {"train": {"acc": 89.848, "loss": 0.22847440946102143}, "test": {"acc": 87.49, "loss": 0.3092217007279396}}, "16": {"train": {"acc": 90.51, "loss": 0.2148265483379364}, "test": {"acc": 88.1, "loss": 0.3123391981422901}}, "17": {"train": {"acc": 91.172, "loss": 0.2013220306187868}, "test": {"acc": 87.93, "loss": 0.32133729368448255}}, "18": {"train": {"acc": 91.322, "loss": 0.19322829143702983}, "test": {"acc": 86.27, "loss": 0.3617170289158821}}, "19": {"train": {"acc": 91.946, "loss": 0.17850854700803756}, "test": {"acc": 88.74, "loss": 0.30096856638789177}}, "20": {"train": {"acc": 92.234, "loss": 0.17319198882579803}, "test": {"acc": 89.04, "loss": 0.27917218863964083}}, "21": {"train": {"acc": 92.696, "loss": 0.16293439500033854}, "test": {"acc": 88.9, "loss": 0.2985586476325989}}, "22": {"train": {"acc": 92.892, "loss": 0.1595488272458315}, "test": {"acc": 89.21, "loss": 0.29563642129302026}}, "23": {"train": {"acc": 93.094, "loss": 0.15106893407553434}, "test": {"acc": 86.84, "loss": 0.36554074272513387}}, "24": {"train": {"acc": 93.544, "loss": 0.1443997705206275}, "test": {"acc": 89.93, "loss": 0.2787157618999481}}, "25": {"train": {"acc": 93.89, "loss": 0.135448431879282}, "test": {"acc": 89.37, "loss": 0.31364101454615595}}, "26": {"train": {"acc": 93.97, "loss": 0.13382273901998998}, "test": {"acc": 89.84, "loss": 0.27885227248072625}}, "27": {"train": {"acc": 94.228, "loss": 0.1273370087593794}, "test": {"acc": 89.44, "loss": 0.3171114131808281}}, "28": {"train": {"acc": 94.458, "loss": 0.12211015037447213}, "test": {"acc": 87.91, "loss": 0.3798232765495777}}, "29": {"train": {"acc": 94.66, "loss": 0.11610180529206991}, "test": {"acc": 89.81, "loss": 0.3074719579517841}}, "30": {"train": {"acc": 94.712, "loss": 0.1173264780268073}, "test": {"acc": 90.37, "loss": 0.28605673849582675}}, "31": {"train": {"acc": 95.184, "loss": 0.10808826520293952}, "test": {"acc": 88.85, "loss": 0.34516104936599734}}, "32": {"train": {"acc": 95.248, "loss": 0.1058781501352787}, "test": {"acc": 90.13, "loss": 0.29689731433987615}}, "33": {"train": {"acc": 95.46, "loss": 0.10066544692963361}, "test": {"acc": 89.34, "loss": 0.3225736790895462}}, "34": {"train": {"acc": 95.554, "loss": 0.09815441258251667}, "test": {"acc": 90.73, "loss": 0.302176136597991}}, "35": {"train": {"acc": 95.732, "loss": 0.09767904184013605}, "test": {"acc": 90.59, "loss": 0.2847937446832657}}, "36": {"train": {"acc": 95.886, "loss": 0.09076923521235586}, "test": {"acc": 90.2, "loss": 0.3263289408385754}}, "37": {"train": {"acc": 96.048, "loss": 0.08745119145140051}, "test": {"acc": 89.04, "loss": 0.38133599936962126}}, "38": {"train": {"acc": 96.152, "loss": 0.08607800157368183}, "test": {"acc": 89.24, "loss": 0.3658439154922962}}, "39": {"train": {"acc": 96.144, "loss": 0.0863306759763509}, "test": {"acc": 90.25, "loss": 0.3191213547438383}}, "40": {"train": {"acc": 96.314, "loss": 0.08162449154630304}, "test": {"acc": 90.45, "loss": 0.3086819732189178}}, "41": {"train": {"acc": 96.49, "loss": 0.07991094339638949}, "test": {"acc": 90.76, "loss": 0.3136809025704861}}, "42": {"train": {"acc": 96.56, "loss": 0.07737622240185738}, "test": {"acc": 90.24, "loss": 0.32759774595499036}}, "43": {"train": {"acc": 96.69, "loss": 0.07433163437619805}, "test": {"acc": 90.76, "loss": 0.3144534458220005}}, "44": {"train": {"acc": 96.934, "loss": 0.06816919871792197}, "test": {"acc": 90.99, "loss": 0.30470741525292394}}, "45": {"train": {"acc": 96.646, "loss": 0.07427151034772396}, "test": {"acc": 89.97, "loss": 0.3461621335148811}}, "46": {"train": {"acc": 96.786, "loss": 0.07204029648378492}, "test": {"acc": 90.08, "loss": 0.35408073797822}}, "47": {"train": {"acc": 97.02, "loss": 0.06678203291818499}, "test": {"acc": 90.31, "loss": 0.33667684853076935}}, "48": {"train": {"acc": 97.132, "loss": 0.06490596071630717}, "test": {"acc": 90.07, "loss": 0.3838333176076412}}, "49": {"train": {"acc": 97.1, "loss": 0.06520090167969465}, "test": {"acc": 90.74, "loss": 0.33418853834271434}}, "50": {"train": {"acc": 97.224, "loss": 0.061677169589325787}, "test": {"acc": 91.36, "loss": 0.3255722551047802}}}