{"0": {"train": {"acc": 41.138, "loss": 0.625556529045105}, "test": {"acc": 48.66, "loss": 0.6017024135589599}}, "1": {"train": {"acc": 58.0, "loss": 0.4570986944437027}, "test": {"acc": 65.19, "loss": 0.4014947581291199}}, "2": {"train": {"acc": 66.206, "loss": 0.3733427805900574}, "test": {"acc": 61.8, "loss": 0.46729325771331787}}, "3": {"train": {"acc": 71.33, "loss": 0.3180693964958191}, "test": {"acc": 68.18, "loss": 0.3707983559370041}}, "4": {"train": {"acc": 74.896, "loss": 0.2799088178873062}, "test": {"acc": 76.87, "loss": 0.27162456572055815}}, "5": {"train": {"acc": 77.486, "loss": 0.25304781168699264}, "test": {"acc": 77.64, "loss": 0.26037572205066684}}, "6": {"train": {"acc": 79.222, "loss": 0.23220482635498046}, "test": {"acc": 76.72, "loss": 0.2900111562013626}}, "7": {"train": {"acc": 80.9, "loss": 0.2163519951701164}, "test": {"acc": 81.3, "loss": 0.22922713577747345}}, "8": {"train": {"acc": 82.63, "loss": 0.19701527506113053}, "test": {"acc": 82.96, "loss": 0.20288218051195145}}, "9": {"train": {"acc": 83.386, "loss": 0.18637031400203705}, "test": {"acc": 83.07, "loss": 0.20277862757444381}}, "10": {"train": {"acc": 84.606, "loss": 0.17299862879514694}, "test": {"acc": 81.88, "loss": 0.22441909849643707}}, "11": {"train": {"acc": 85.268, "loss": 0.1657636758685112}, "test": {"acc": 81.83, "loss": 0.22842635102570058}}, "12": {"train": {"acc": 86.114, "loss": 0.15551240360736848}, "test": {"acc": 82.84, "loss": 0.2099916023015976}}, "13": {"train": {"acc": 86.95, "loss": 0.14770639690756798}, "test": {"acc": 83.19, "loss": 0.21402560085058212}}, "14": {"train": {"acc": 87.712, "loss": 0.13989398685097695}, "test": {"acc": 84.65, "loss": 0.1921693490445614}}, "15": {"train": {"acc": 88.138, "loss": 0.13242466226220131}, "test": {"acc": 86.3, "loss": 0.171269641071558}}, "16": {"train": {"acc": 88.596, "loss": 0.12854865315556527}, "test": {"acc": 85.89, "loss": 0.18015464201569556}}, "17": {"train": {"acc": 89.194, "loss": 0.12011105081439018}, "test": {"acc": 87.22, "loss": 0.15675565138459205}}, "18": {"train": {"acc": 89.766, "loss": 0.11490055266022682}, "test": {"acc": 86.22, "loss": 0.1675921356678009}}, "19": {"train": {"acc": 90.218, "loss": 0.10877674907445907}, "test": {"acc": 87.23, "loss": 0.16388854779303075}}, "20": {"train": {"acc": 90.682, "loss": 0.10614693245291709}, "test": {"acc": 88.25, "loss": 0.14459696397185326}}, "21": {"train": {"acc": 90.962, "loss": 0.10106666144728661}, "test": {"acc": 85.4, "loss": 0.18571841530501842}}, "22": {"train": {"acc": 91.502, "loss": 0.09496022072434425}, "test": {"acc": 84.71, "loss": 0.2015733677148819}}, "23": {"train": {"acc": 91.674, "loss": 0.0928640906214714}, "test": {"acc": 88.68, "loss": 0.14468107759952545}}, "24": {"train": {"acc": 92.168, "loss": 0.0879458435177803}, "test": {"acc": 87.31, "loss": 0.1681853173673153}}, "25": {"train": {"acc": 92.468, "loss": 0.08408767326176167}, "test": {"acc": 89.74, "loss": 0.1378973101079464}}, "26": {"train": {"acc": 92.406, "loss": 0.08375571048259735}, "test": {"acc": 89.13, "loss": 0.14130859180353583}}, "27": {"train": {"acc": 92.966, "loss": 0.07787596634030342}, "test": {"acc": 87.55, "loss": 0.1659121686220169}}, "28": {"train": {"acc": 93.22, "loss": 0.07533579601347447}, "test": {"acc": 88.74, "loss": 0.144441702067852}}, "29": {"train": {"acc": 93.674, "loss": 0.0709275414943695}, "test": {"acc": 88.73, "loss": 0.1520905237644911}}, "30": {"train": {"acc": 93.584, "loss": 0.07086428897082805}, "test": {"acc": 89.02, "loss": 0.1408635939657688}}, "31": {"train": {"acc": 94.076, "loss": 0.06551894091069699}, "test": {"acc": 88.64, "loss": 0.16395660907030105}}, "32": {"train": {"acc": 94.292, "loss": 0.0649383002370596}, "test": {"acc": 89.3, "loss": 0.14455376207828521}}, "33": {"train": {"acc": 94.446, "loss": 0.06283124712109565}, "test": {"acc": 89.58, "loss": 0.14196398079395295}}, "34": {"train": {"acc": 94.614, "loss": 0.05919651599228382}, "test": {"acc": 90.37, "loss": 0.13817911148071288}}, "35": {"train": {"acc": 94.806, "loss": 0.05813020758330822}, "test": {"acc": 89.99, "loss": 0.1390550571680069}}, "36": {"train": {"acc": 95.058, "loss": 0.055582638442516326}, "test": {"acc": 89.65, "loss": 0.15342088125646114}}, "37": {"train": {"acc": 95.344, "loss": 0.05251112265139818}, "test": {"acc": 89.68, "loss": 0.14080165550112725}}, "38": {"train": {"acc": 95.288, "loss": 0.05235262029618025}, "test": {"acc": 90.05, "loss": 0.1360496201738715}}, "39": {"train": {"acc": 95.434, "loss": 0.0502500936537981}, "test": {"acc": 89.09, "loss": 0.1571116279810667}}, "40": {"train": {"acc": 95.754, "loss": 0.04736329556256533}, "test": {"acc": 89.54, "loss": 0.15502437964081764}}, "41": {"train": {"acc": 95.972, "loss": 0.04549422178417444}, "test": {"acc": 89.65, "loss": 0.15638991177082062}}, "42": {"train": {"acc": 95.994, "loss": 0.045249257303774354}, "test": {"acc": 89.94, "loss": 0.1535960292816162}}, "43": {"train": {"acc": 96.072, "loss": 0.04345914766937494}, "test": {"acc": 89.95, "loss": 0.15942968919873238}}, "44": {"train": {"acc": 96.24, "loss": 0.042122528053820135}, "test": {"acc": 89.11, "loss": 0.1701030218601227}}, "45": {"train": {"acc": 96.198, "loss": 0.04241155329346657}, "test": {"acc": 89.24, "loss": 0.1769517958164215}}, "46": {"train": {"acc": 96.562, "loss": 0.03821476202458143}, "test": {"acc": 90.2, "loss": 0.14907079324126243}}, "47": {"train": {"acc": 96.588, "loss": 0.03760976354032755}, "test": {"acc": 90.25, "loss": 0.15834902957081795}}, "48": {"train": {"acc": 96.616, "loss": 0.03732694265991449}, "test": {"acc": 90.48, "loss": 0.1545060197636485}}, "49": {"train": {"acc": 96.854, "loss": 0.03510621904581785}, "test": {"acc": 90.48, "loss": 0.15538626208901404}}, "50": {"train": {"acc": 96.724, "loss": 0.035922395937144753}, "test": {"acc": 89.84, "loss": 0.1585873046517372}}}