{"0": {"train": {"acc": 33.46, "loss": 0.7056345098018646}, "test": {"acc": 44.46, "loss": 0.6137043356895446}}, "1": {"train": {"acc": 51.426, "loss": 0.525587690114975}, "test": {"acc": 52.51, "loss": 0.5838145637512206}}, "2": {"train": {"acc": 61.908, "loss": 0.4166231441497803}, "test": {"acc": 59.94, "loss": 0.5143346273899079}}, "3": {"train": {"acc": 69.224, "loss": 0.34182032573223115}, "test": {"acc": 65.93, "loss": 0.41953937351703646}}, "4": {"train": {"acc": 74.186, "loss": 0.2881244262456894}, "test": {"acc": 76.8, "loss": 0.2700893995165825}}, "5": {"train": {"acc": 77.572, "loss": 0.25066507691144946}, "test": {"acc": 74.82, "loss": 0.30043226659297945}}, "6": {"train": {"acc": 79.824, "loss": 0.226285085439682}, "test": {"acc": 80.1, "loss": 0.23522061347961426}}, "7": {"train": {"acc": 81.904, "loss": 0.20275268375873565}, "test": {"acc": 79.54, "loss": 0.24993669450283051}}, "8": {"train": {"acc": 83.414, "loss": 0.18658676451444625}, "test": {"acc": 81.63, "loss": 0.22581567585468293}}, "9": {"train": {"acc": 84.656, "loss": 0.1728704643845558}, "test": {"acc": 85.31, "loss": 0.17650878697633743}}, "10": {"train": {"acc": 85.352, "loss": 0.16269750833511354}, "test": {"acc": 83.8, "loss": 0.20293385058641433}}, "11": {"train": {"acc": 86.526, "loss": 0.1505453036427498}, "test": {"acc": 84.47, "loss": 0.20364304065704344}}, "12": {"train": {"acc": 87.408, "loss": 0.14160073655843736}, "test": {"acc": 85.39, "loss": 0.17995941609144211}}, "13": {"train": {"acc": 88.318, "loss": 0.13166804906725885}, "test": {"acc": 84.71, "loss": 0.19602388620376587}}, "14": {"train": {"acc": 89.002, "loss": 0.12375606355071068}, "test": {"acc": 88.07, "loss": 0.14849357809871436}}, "15": {"train": {"acc": 89.638, "loss": 0.11594191375374795}, "test": {"acc": 87.19, "loss": 0.1589488387107849}}, "16": {"train": {"acc": 90.098, "loss": 0.11108494839072228}, "test": {"acc": 87.54, "loss": 0.1602889633178711}}, "17": {"train": {"acc": 90.786, "loss": 0.10305063185095788}, "test": {"acc": 86.1, "loss": 0.18599766485393046}}, "18": {"train": {"acc": 91.052, "loss": 0.10003331950306893}, "test": {"acc": 86.48, "loss": 0.18215157568454743}}, "19": {"train": {"acc": 91.584, "loss": 0.09370015090703965}, "test": {"acc": 88.72, "loss": 0.14476234957575798}}, "20": {"train": {"acc": 91.998, "loss": 0.08951031088829041}, "test": {"acc": 87.88, "loss": 0.1627321583032608}}, "21": {"train": {"acc": 92.366, "loss": 0.08570359921455384}, "test": {"acc": 88.23, "loss": 0.15317203711718322}}, "22": {"train": {"acc": 92.584, "loss": 0.08260488012433052}, "test": {"acc": 87.42, "loss": 0.17434142842888833}}, "23": {"train": {"acc": 93.074, "loss": 0.07725815795361995}, "test": {"acc": 87.72, "loss": 0.18423883616924286}}, "24": {"train": {"acc": 93.328, "loss": 0.07431910388171672}, "test": {"acc": 90.08, "loss": 0.13395560398697853}}, "25": {"train": {"acc": 93.612, "loss": 0.07092365777492524}, "test": {"acc": 89.61, "loss": 0.14760852679610253}}, "26": {"train": {"acc": 93.872, "loss": 0.06781330177187919}, "test": {"acc": 88.49, "loss": 0.16891268398612738}}, "27": {"train": {"acc": 94.184, "loss": 0.06474051538109779}, "test": {"acc": 88.7, "loss": 0.16506533429026604}}, "28": {"train": {"acc": 94.728, "loss": 0.06007976903021336}, "test": {"acc": 89.01, "loss": 0.1553661972284317}}, "29": {"train": {"acc": 94.862, "loss": 0.058967348173260686}, "test": {"acc": 90.4, "loss": 0.14200463384389878}}, "30": {"train": {"acc": 94.93, "loss": 0.05710887023806572}, "test": {"acc": 89.58, "loss": 0.1528568021953106}}, "31": {"train": {"acc": 95.22, "loss": 0.053366326659917834}, "test": {"acc": 89.66, "loss": 0.15776343733072282}}, "32": {"train": {"acc": 95.3, "loss": 0.05267823328822851}, "test": {"acc": 89.44, "loss": 0.16210745736956597}}, "33": {"train": {"acc": 95.43, "loss": 0.0505594067722559}, "test": {"acc": 87.44, "loss": 0.21543029934167862}}, "34": {"train": {"acc": 95.644, "loss": 0.04824435830116272}, "test": {"acc": 90.52, "loss": 0.14092310562729835}}, "35": {"train": {"acc": 95.808, "loss": 0.047124226950109004}, "test": {"acc": 90.69, "loss": 0.14224239856004714}}, "36": {"train": {"acc": 96.03, "loss": 0.043995859399437905}, "test": {"acc": 89.87, "loss": 0.16006042748689653}}, "37": {"train": {"acc": 96.18, "loss": 0.04310004562139511}, "test": {"acc": 89.14, "loss": 0.18092578619718552}}, "38": {"train": {"acc": 96.238, "loss": 0.04181337193399668}, "test": {"acc": 89.48, "loss": 0.17021095588803292}}, "39": {"train": {"acc": 96.264, "loss": 0.04121571151912212}, "test": {"acc": 90.63, "loss": 0.151695154607296}}, "40": {"train": {"acc": 96.426, "loss": 0.03950041911005974}, "test": {"acc": 90.85, "loss": 0.1535014635324478}}, "41": {"train": {"acc": 96.442, "loss": 0.039727992340922356}, "test": {"acc": 89.85, "loss": 0.16574340730905532}}, "42": {"train": {"acc": 96.894, "loss": 0.03441132196784019}, "test": {"acc": 89.43, "loss": 0.1740904778242111}}, "43": {"train": {"acc": 96.72, "loss": 0.03683654027432203}, "test": {"acc": 90.42, "loss": 0.1665419679880142}}, "44": {"train": {"acc": 96.814, "loss": 0.034622242785990236}, "test": {"acc": 90.7, "loss": 0.1495621183514595}}, "45": {"train": {"acc": 97.13, "loss": 0.03238966797292232}, "test": {"acc": 90.41, "loss": 0.1650952622294426}}, "46": {"train": {"acc": 97.0, "loss": 0.032863075874745844}, "test": {"acc": 90.54, "loss": 0.15413934454321862}}, "47": {"train": {"acc": 97.204, "loss": 0.031446432530879975}, "test": {"acc": 89.82, "loss": 0.18596866115927696}}, "48": {"train": {"acc": 97.256, "loss": 0.030975786786526443}, "test": {"acc": 89.23, "loss": 0.20878357976675033}}, "49": {"train": {"acc": 97.286, "loss": 0.030445756912231444}, "test": {"acc": 90.9, "loss": 0.16181735143065454}}, "50": {"train": {"acc": 97.432, "loss": 0.028451963283121585}, "test": {"acc": 91.01, "loss": 0.16740455150604247}}}