{"0": {"train": {"acc": 19.732, "loss": 2.4339501945972444}, "test": {"acc": 20.54, "loss": 0.8703321933746337}}, "1": {"train": {"acc": 28.862, "loss": 0.751928129196167}, "test": {"acc": 26.3, "loss": 0.9050936913490295}}, "2": {"train": {"acc": 34.624, "loss": 0.6897873201370239}, "test": {"acc": 30.99, "loss": 0.8918000864982605}}, "3": {"train": {"acc": 39.718, "loss": 0.6424486613273621}, "test": {"acc": 37.64, "loss": 0.7432816445827484}}, "4": {"train": {"acc": 45.196, "loss": 0.5968808479309082}, "test": {"acc": 48.39, "loss": 0.6588004565238953}}, "5": {"train": {"acc": 52.102, "loss": 0.5292093946933746}, "test": {"acc": 35.87, "loss": 0.9418539941310883}}, "6": {"train": {"acc": 58.216, "loss": 0.461390123963356}, "test": {"acc": 39.64, "loss": 0.8558608829975128}}, "7": {"train": {"acc": 62.344, "loss": 0.4192008703947067}, "test": {"acc": 15.87, "loss": 3.736833915710449}}, "8": {"train": {"acc": 66.85, "loss": 0.36930937707424166}, "test": {"acc": 51.76, "loss": 0.7800874435901641}}, "9": {"train": {"acc": 69.436, "loss": 0.35385272073745727}, "test": {"acc": 64.8, "loss": 0.49787755846977233}}, "10": {"train": {"acc": 72.122, "loss": 0.3185236350297928}, "test": {"acc": 53.17, "loss": 0.8212121999263764}}, "11": {"train": {"acc": 73.228, "loss": 0.30327108019590376}, "test": {"acc": 70.22, "loss": 0.39642888128757475}}, "12": {"train": {"acc": 75.288, "loss": 0.28354945135116577}, "test": {"acc": 64.54, "loss": 0.5598234808444977}}, "13": {"train": {"acc": 76.64, "loss": 0.2682233278751373}, "test": {"acc": 65.41, "loss": 0.5703180480003357}}, "14": {"train": {"acc": 77.63, "loss": 0.26009207373857496}, "test": {"acc": 78.42, "loss": 0.2670189702510834}}, "15": {"train": {"acc": 78.922, "loss": 0.24306093668937684}, "test": {"acc": 67.94, "loss": 0.5247698575258255}}, "16": {"train": {"acc": 79.594, "loss": 0.23455274176597596}, "test": {"acc": 62.58, "loss": 0.5892683291435241}}, "17": {"train": {"acc": 80.52, "loss": 0.2251768238544464}, "test": {"acc": 70.56, "loss": 0.4234429490566254}}, "18": {"train": {"acc": 81.242, "loss": 0.2163848287463188}, "test": {"acc": 61.63, "loss": 0.6604507446289063}}, "19": {"train": {"acc": 81.724, "loss": 0.21200742131471634}, "test": {"acc": 81.59, "loss": 0.2353544154763222}}, "20": {"train": {"acc": 82.762, "loss": 0.19871476143598557}, "test": {"acc": 53.77, "loss": 0.968629789352417}}, "21": {"train": {"acc": 82.738, "loss": 0.1972481946349144}, "test": {"acc": 68.38, "loss": 0.5127356368303299}}, "22": {"train": {"acc": 83.528, "loss": 0.1895766999721527}, "test": {"acc": 68.47, "loss": 0.690229915380478}}, "23": {"train": {"acc": 84.228, "loss": 0.1825071249604225}, "test": {"acc": 70.14, "loss": 0.4000772225856781}}, "24": {"train": {"acc": 83.578, "loss": 0.20336053842306137}, "test": {"acc": 81.39, "loss": 0.2649202224612236}}, "25": {"train": {"acc": 85.212, "loss": 0.17012975162267685}, "test": {"acc": 73.12, "loss": 0.43167358219623564}}, "26": {"train": {"acc": 85.468, "loss": 0.16770103257894517}, "test": {"acc": 63.02, "loss": 0.7008905071020126}}, "27": {"train": {"acc": 85.898, "loss": 0.16438690793514252}, "test": {"acc": 72.61, "loss": 0.4863390839099884}}, "28": {"train": {"acc": 86.34, "loss": 0.15783531123399736}, "test": {"acc": 70.09, "loss": 0.44311658680439}}, "29": {"train": {"acc": 86.57, "loss": 0.15431383562088014}, "test": {"acc": 84.37, "loss": 0.19896506100893022}}, "30": {"train": {"acc": 86.804, "loss": 0.15210024961829186}, "test": {"acc": 77.34, "loss": 0.34910533189773557}}, "31": {"train": {"acc": 86.912, "loss": 0.15089075616002082}, "test": {"acc": 56.18, "loss": 1.015262656211853}}, "32": {"train": {"acc": 87.384, "loss": 0.146801650762558}, "test": {"acc": 72.31, "loss": 0.4553449070453644}}, "33": {"train": {"acc": 87.718, "loss": 0.1420427938401699}, "test": {"acc": 49.6, "loss": 1.1846969819068909}}, "34": {"train": {"acc": 88.17, "loss": 0.13667947366833688}, "test": {"acc": 83.59, "loss": 0.23142373830080032}}, "35": {"train": {"acc": 88.342, "loss": 0.13445702794194223}, "test": {"acc": 79.68, "loss": 0.30540159702301023}}, "36": {"train": {"acc": 88.146, "loss": 0.1396300040781498}, "test": {"acc": 80.65, "loss": 0.27084589302539824}}, "37": {"train": {"acc": 88.894, "loss": 0.12796264067292212}, "test": {"acc": 68.93, "loss": 0.6080537557601928}}, "38": {"train": {"acc": 88.828, "loss": 0.12747864508628845}, "test": {"acc": 72.07, "loss": 0.4505603724718094}}, "39": {"train": {"acc": 89.126, "loss": 0.12505719321966172}, "test": {"acc": 86.39, "loss": 0.18563577860593797}}, "40": {"train": {"acc": 89.562, "loss": 0.12175792789459229}, "test": {"acc": 85.48, "loss": 0.20983016818761827}}, "41": {"train": {"acc": 89.602, "loss": 0.11877118968963624}, "test": {"acc": 74.85, "loss": 0.3747168108820915}}, "42": {"train": {"acc": 89.732, "loss": 0.11801435989141464}, "test": {"acc": 66.27, "loss": 0.8787839037179946}}, "43": {"train": {"acc": 89.702, "loss": 0.11615313932299615}, "test": {"acc": 74.85, "loss": 0.417948100566864}}, "44": {"train": {"acc": 90.14, "loss": 0.11249262207746506}, "test": {"acc": 85.08, "loss": 0.2096643117070198}}, "45": {"train": {"acc": 90.608, "loss": 0.10952505475282669}, "test": {"acc": 80.97, "loss": 0.299481056034565}}, "46": {"train": {"acc": 90.42, "loss": 0.10976216977834702}, "test": {"acc": 83.63, "loss": 0.2499461555480957}}, "47": {"train": {"acc": 90.504, "loss": 0.10877711078524589}, "test": {"acc": 78.55, "loss": 0.29709827452898024}}, "48": {"train": {"acc": 90.57, "loss": 0.10722205835580825}, "test": {"acc": 80.96, "loss": 0.3558751255273819}}, "49": {"train": {"acc": 91.024, "loss": 0.10306806582212448}, "test": {"acc": 82.7, "loss": 0.272723491191864}}, "50": {"train": {"acc": 91.224, "loss": 0.10050451710820198}, "test": {"acc": 82.62, "loss": 0.3025298434495926}}}