{"0": {"train": {"acc": 22.612, "loss": 0.8793042080402375}, "test": {"acc": 31.09, "loss": 0.7334959733486176}}, "1": {"train": {"acc": 32.466, "loss": 0.6972566194534302}, "test": {"acc": 38.42, "loss": 0.6431683433055878}}, "2": {"train": {"acc": 40.928, "loss": 0.6193076272010803}, "test": {"acc": 40.14, "loss": 0.6801999151706696}}, "3": {"train": {"acc": 47.982, "loss": 0.5551151180267334}, "test": {"acc": 48.93, "loss": 0.5912820386886597}}, "4": {"train": {"acc": 55.232, "loss": 0.487000048160553}, "test": {"acc": 57.98, "loss": 0.49584609985351563}}, "5": {"train": {"acc": 60.494, "loss": 0.43108937692642213}, "test": {"acc": 60.34, "loss": 0.4713235712051392}}, "6": {"train": {"acc": 64.66, "loss": 0.3901829887628555}, "test": {"acc": 67.73, "loss": 0.3874411606788635}}, "7": {"train": {"acc": 68.236, "loss": 0.3538609853982925}, "test": {"acc": 66.68, "loss": 0.3943539047241211}}, "8": {"train": {"acc": 70.788, "loss": 0.3250034210681915}, "test": {"acc": 72.5, "loss": 0.32061162531375886}}, "9": {"train": {"acc": 73.506, "loss": 0.2987122408151627}, "test": {"acc": 75.06, "loss": 0.30606592655181886}}, "10": {"train": {"acc": 74.706, "loss": 0.28377005100250247}, "test": {"acc": 76.3, "loss": 0.2866529208421707}}, "11": {"train": {"acc": 76.962, "loss": 0.26209452718496323}, "test": {"acc": 74.81, "loss": 0.296255401968956}}, "12": {"train": {"acc": 77.996, "loss": 0.25121939808130267}, "test": {"acc": 77.54, "loss": 0.2703853911161423}}, "13": {"train": {"acc": 78.994, "loss": 0.2400238652229309}, "test": {"acc": 76.36, "loss": 0.3024244713783264}}, "14": {"train": {"acc": 79.918, "loss": 0.22823293656110763}, "test": {"acc": 77.72, "loss": 0.2924029958248138}}, "15": {"train": {"acc": 80.55, "loss": 0.22240036672353744}, "test": {"acc": 78.15, "loss": 0.2781814047694206}}, "16": {"train": {"acc": 81.116, "loss": 0.21350825119018554}, "test": {"acc": 75.52, "loss": 0.32316750049591064}}, "17": {"train": {"acc": 82.198, "loss": 0.2046321896314621}, "test": {"acc": 80.41, "loss": 0.2411759677529335}}, "18": {"train": {"acc": 82.234, "loss": 0.2006186655163765}, "test": {"acc": 81.0, "loss": 0.23091606616973878}}, "19": {"train": {"acc": 83.112, "loss": 0.19282408261299133}, "test": {"acc": 82.36, "loss": 0.21615446716547013}}, "20": {"train": {"acc": 83.918, "loss": 0.1852254186272621}, "test": {"acc": 82.63, "loss": 0.20938504338264466}}, "21": {"train": {"acc": 84.034, "loss": 0.1827053379416466}, "test": {"acc": 83.66, "loss": 0.2109516191482544}}, "22": {"train": {"acc": 84.4, "loss": 0.17672559648752212}, "test": {"acc": 82.45, "loss": 0.2127675372362137}}, "23": {"train": {"acc": 84.854, "loss": 0.17104155558347703}, "test": {"acc": 80.51, "loss": 0.262264558672905}}, "24": {"train": {"acc": 85.51, "loss": 0.1670455246567726}, "test": {"acc": 83.82, "loss": 0.20455493092536925}}, "25": {"train": {"acc": 85.912, "loss": 0.16177843630313873}, "test": {"acc": 83.57, "loss": 0.2043413296341896}}, "26": {"train": {"acc": 86.126, "loss": 0.15761970609426498}, "test": {"acc": 84.68, "loss": 0.1962149515748024}}, "27": {"train": {"acc": 86.528, "loss": 0.15548705464601517}, "test": {"acc": 83.11, "loss": 0.22451508030295372}}, "28": {"train": {"acc": 86.644, "loss": 0.1506703815460205}, "test": {"acc": 84.44, "loss": 0.20733436226844787}}, "29": {"train": {"acc": 87.118, "loss": 0.14840398246049882}, "test": {"acc": 82.18, "loss": 0.23367962062358857}}, "30": {"train": {"acc": 87.266, "loss": 0.14378025072813033}, "test": {"acc": 85.27, "loss": 0.19605289161205292}}, "31": {"train": {"acc": 87.852, "loss": 0.13970296543836594}, "test": {"acc": 85.59, "loss": 0.19572503000497818}}, "32": {"train": {"acc": 87.652, "loss": 0.14079281175136565}, "test": {"acc": 85.01, "loss": 0.19881040900945662}}, "33": {"train": {"acc": 88.264, "loss": 0.1346609913110733}, "test": {"acc": 85.33, "loss": 0.18202642619609832}}, "34": {"train": {"acc": 88.412, "loss": 0.1306441613137722}, "test": {"acc": 85.09, "loss": 0.22358614891767503}}, "35": {"train": {"acc": 89.046, "loss": 0.12631466749310494}, "test": {"acc": 85.21, "loss": 0.18975840091705323}}, "36": {"train": {"acc": 89.06, "loss": 0.1265106383562088}, "test": {"acc": 85.48, "loss": 0.20626021787524224}}, "37": {"train": {"acc": 89.276, "loss": 0.12155806955695152}, "test": {"acc": 85.92, "loss": 0.18893671661615372}}, "38": {"train": {"acc": 89.402, "loss": 0.12049868690967559}, "test": {"acc": 86.5, "loss": 0.17859956443309785}}, "39": {"train": {"acc": 89.512, "loss": 0.11932708847522736}, "test": {"acc": 87.25, "loss": 0.17169082880020142}}, "40": {"train": {"acc": 89.908, "loss": 0.11550239357352257}, "test": {"acc": 87.28, "loss": 0.16500456780195236}}, "41": {"train": {"acc": 89.996, "loss": 0.11420091119408607}, "test": {"acc": 87.64, "loss": 0.16137283474206923}}, "42": {"train": {"acc": 90.018, "loss": 0.11294024518132209}, "test": {"acc": 85.14, "loss": 0.21740980833768844}}, "43": {"train": {"acc": 90.686, "loss": 0.10832372549176215}, "test": {"acc": 85.93, "loss": 0.19420988172292708}}, "44": {"train": {"acc": 90.706, "loss": 0.10634112331271171}, "test": {"acc": 86.97, "loss": 0.17579529106616973}}, "45": {"train": {"acc": 90.682, "loss": 0.10586306315660476}, "test": {"acc": 87.55, "loss": 0.17489948153495788}}, "46": {"train": {"acc": 90.936, "loss": 0.10320260193943977}, "test": {"acc": 87.38, "loss": 0.17508934423327446}}, "47": {"train": {"acc": 90.946, "loss": 0.10176753929257393}, "test": {"acc": 86.55, "loss": 0.17161833867430687}}, "48": {"train": {"acc": 91.274, "loss": 0.09909039917588235}, "test": {"acc": 88.13, "loss": 0.16101303681731224}}, "49": {"train": {"acc": 91.474, "loss": 0.09725301611423492}, "test": {"acc": 87.89, "loss": 0.17504055202007293}}, "50": {"train": {"acc": 91.566, "loss": 0.0952745108306408}, "test": {"acc": 87.35, "loss": 0.16766848742961885}}}